{
  "StageName": {
    "size": 25,
    "string": "models/block/forest10.dae"
  },
  "CameraFollow": false,
  "Enemies": {
    "size": 1,
    "items": [
      {
        "Type": 0,
        "Bullet": {
          "Type": 0,
          "Speed": 5.000000
        },
        "Speed": 0.2617994,
        "FireTime": 0.120000,
        "CooldownTime": 0.000000
      }
    ]
  },
  "Positions": {
    "size": 1,
    "items": [
      {
        "x": 7.000000,
        "y": 0.000000
      }
    ]
  },
  "InPosition": {
    "x": -22.000000,
    "y": 0.000000
  },
  "OutPosition": {
    "x": 24.000000,
    "y": 0.000000
  },
  "LevelLocation": {
    "x": 0.000000,
    "y": 32.000000
  },
  "Door": {
    "State": 1,
    "NextLevel": {
      "size": 27,
      "string": "levels/forest/forest11.json"
    }
  },
  "Spheres": {
    "size": 1,
    "items": [
      {
        "Center": {
          "x": -12.000000,
          "y":   0.000000,
          "z":  12.000000
        },
        "Radius": 2.500000
      }
    ]
  },
  "Capsules": {
    "size": 0,
    "items": []
  },
  "Planes": {
    "size": 4,
    "items": [
      {
        "Plane": {
          "P": {
            "x": 1.000000,
            "y": 0.000000,
            "z": 0.000000
          },
          "D": -24.000000
        }
      },
      {
        "Plane": {
          "P": {
            "x": -1.000000,
            "y": 0.000000,
            "z": 0.000000
          },
          "D": -24.000000
        }
      },
      {
        "Plane": {
          "P": {
            "x": 0.000000,
            "y": 0.000000,
            "z": -1.000000
          },
          "D": -11.000000
        }
      },
      {
        "Plane": {
          "P": {
            "x": 0.000000,
            "y": 0.000000,
            "z": 1.000000
          },
          "D": -16.000000
        }
      }
    ]
  }
}
