{
  "StageName": {
    "size": 25,
    "string": "models/block/forest08.dae"
  },
  "CameraFollow": false,
  "Enemies": {
    "size": 1,
    "items": [
      {
        "Type": 10,
        "Bullet": {
          "Type": 0,
          "Speed": 8.000000
        },
        "Speed": 0.261799,
        "FireTime": 3.00000,
        "ChargeTime": 2.500000,
        "Rotation": 0.000000
      }
    ]
  },
  "Positions": {
    "size": 1,
    "items": [
      {
        "x": 0.000000,
        "y": 0.000000
      }
    ]
  },
  "InPosition": {
    "x": 0.000000,
    "y": 10.000000
  },
  "OutPosition": {
    "x": 28.000000,
    "y": 0.000000
  },
  "LevelLocation": {
    "x": 0.000000,
    "y": -32.000000
  },
  "Door": {
    "State": 1,
    "NextLevel": {
      "size": 26,
      "string": "levels/forest/forest9.json"
    }
  },
  "Spheres": {
    "size": 0,
    "items": []
  },
  "Capsules": {
    "size": 0,
    "items": []
  },
  "Planes": {
    "size": 4,
    "items": [
      {
        "Plane": {
          "P": {
            "x": 1.000000,
            "y": 0.000000,
            "z": 0.000000
          },
          "D": -28.000000
        }
      },
      {
        "Plane": {
          "P": {
            "x": -1.000000,
            "y": 0.000000,
            "z": 0.000000
          },
          "D": -28.000000
        }
      },
      {
        "Plane": {
          "P": {
            "x": 0.000000,
            "y": 0.000000,
            "z": -1.000000
          },
          "D": -11.000000
        }
      },
      {
        "Plane": {
          "P": {
            "x": 0.000000,
            "y": 0.000000,
            "z": 1.000000
          },
          "D": -12.000000
        }
      }
    ]
  }
}
